"defect_name","english_name","category","affected_breeds","cause","onset_age","symptom","diagnosis","prevention","treatment","severity","screening_advice","notes"
"软骨骨化发育不全","Scottish Fold Osteochondrodysplasia (SFOCD)","骨骼","苏格兰折耳猫；美短；英短","常染色体显性遗传；Fd基因突变影响全身软骨发育；纯合子病情严重；杂合子亦必然发病","纯合子1-12月龄；杂合子6月-6岁","尾巴变短变粗且不能弯曲；四肢跛行或踩高跷样；弹跳能力下降；爪子肿胀畸形；后肢后展坐姿(佛系坐姿)；关节疼痛；活动力下降","X光；CT；MRI评估骨骼病变及骨刺；基因检测Fd突变","避免折耳猫之间交配；繁育时检测Fd基因；不建议繁育折耳猫","无法根治；NSAIDs消炎止痛；神经痛药物；葡萄糖胺+软骨素+Omega-3保健品；激光治疗；物理治疗；严重者安乐死","重度","基因检测Fd突变；定期X光/CT影像检查；年度关节评估","所有折耳猫均携带致病基因；折耳外观本身即由该基因导致；英国BVA建议禁止繁育"
"多囊肾病","Polycystic Kidney Disease (PKD)","肾脏","波斯猫；异国短毛猫；喜马拉雅猫；金吉拉；英短；美短","常染色体显性遗传；PKD1基因突变；猫肾小管上皮细胞异常增生形成囊肿","幼年期即可检出囊肿；中晚年(3-10岁)出现症状","嗜睡；食欲减退；过度饮水和排尿；体重减轻；偶尔呕吐；与慢性肾衰症状相似；最终肾脏组织坏死和机能不足","肾脏超声波(金标准)；基因检测PKD1突变；血液生化(肌酐、SDMA)","繁育前基因检测剔除携带者；避免携带者之间交配","无法治愈；支持性治疗；肾脏处方粮；皮下补液；磷结合剂；降压药；EPO治疗贫血；肾移植","重度","肾脏超声波年度检查；基因检测PKD1；定期血液生化及尿检","波斯猫系品种高发约36-49%；彩猫、夏特尔等波斯血统品种同样高发"
"短鼻呼吸综合征","Brachycephalic Obstructive Airway Syndrome (BOAS)","呼吸","波斯猫；异国短毛猫；喜马拉雅猫；孟买猫","多基因遗传；短头颅畸形导致鼻腔狭窄；软腭过长；气管发育不良","出生即存在；随年龄增长而加重","呼吸困难；打鼾；张口呼吸；运动不耐受；睡眠呼吸暂停；易中暑；舌头发紫(缺氧)","临床体征评估；X光评估气道；内窥镜检查鼻腔/软腭","避免极端短头品种繁育；选择头骨较长的个体；控制体重；避免高温环境","手术矫正(软腭切除；鼻孔成形；喉囊切除)；环境降温；控制运动量","中度","定期呼吸评估；高温环境监测","扁脸猫易合并泪管阻塞与皮肤褶皱皮炎"
"泪管阻塞/泪溢","Nasolacrimal Duct Obstruction","眼科","波斯猫；异国短毛猫；喜马拉雅猫；金吉拉","面部结构扁平导致泪管走向异常；常染色体遗传倾向","幼年期开始；终生持续","眼角持续流泪；眼下毛发烧红棕色(泪痕)；皮肤浸渍发炎；继发细菌感染","眼科检查；泪道冲洗造影；荧光素染色","定期清洁眼部分泌物；选择面部结构较正常的个体繁育","泪道冲洗；泪管插管；手术重建泪道；抗菌眼药水控制继发感染","轻度","定期眼部清洁；眼科检查","扁脸品种几乎普遍存在；管理重于治疗"
"高草酸尿症II型","Primary Hyperoxaluria Type II","代谢","异国短毛猫；苏格兰折耳猫","常染色体隐性遗传；肝脏代谢异常导致内源性草酸盐过多","平均7-10岁；公猫约母猫1.5倍","食欲不振；呕吐；嗜睡；尿量减少；腹痛；急性肾功能衰竭；血尿","尿检草酸钙结晶；血液生化；肾脏活检；基因检测","繁育前基因检测剔除携带者","支持治疗；输液；控制肾衰；严重者透析或安乐死","致死性","基因检测；定期尿检及肾功能监测","可导致急性肾衰死亡"
"胱氨酸尿症I-A","Cystinuria Type I-A","代谢","暹罗猫；异国短毛猫；苏格兰折耳猫；美短；英短；中华田园猫","常染色体遗传；氨基酸重吸收缺陷导致泌尿道形成胱氨酸结晶","平均3.2岁；4月龄-11岁均可发病；公猫约64%","排尿困难；尿频尿痛；血尿；尿路阻塞；若不及时治疗可致肾衰竭、膀胱破裂","尿检胱氨酸结晶(六角形)；超声波检查膀胱结石","充足饮水；处方粮；基因检测剔除携带者","处方溶石粮；增加饮水；手术取石；导尿","中度","尿检；超声波检查；基因检测","公猫因尿道狭窄更易阻塞"
"肥厚型心肌病(猫)","Hypertrophic Cardiomyopathy (HCM)","心脏","缅因猫；布偶猫；英短；美短；波斯猫；苏格兰折耳猫；喜马拉雅猫；斯芬克斯无毛猫；挪威森林猫；西伯利亚猫；孟加拉豹猫","缅因猫A31P突变(常染色体显性)；布偶猫R820W突变(常染色体显性)；其他品种可能存在多基因遗传；MYBPC3基因突变","平均5-7岁；3月龄-17岁均可；布偶/斯芬克斯可早至2岁","早期无症状；活动耐量下降；呼吸急促；腹式呼吸；张口呼吸；肺水肿粉红色泡沫痰；突然后肢瘫痪(血栓)；晕厥；猝死","心脏超声(金标准；舒张期左室壁>6mm)；心电图；胸部X光；NT-proBNP；基因检测","基因检测剔除携带者；避免近亲繁殖；控制体重及血压","无治愈手段；β受体阻滞剂；ACE抑制剂；抗血栓药(氯吡格雷)；利尿剂；心衰管理","重度","年度心脏超声(尤其1岁后)；基因检测A31P/R820W；NT-proBNP筛查","猫最常见心脏病；雄性占75%；约15%家猫患病"
"脊髓性肌萎缩","Spinal Muscular Atrophy (SMA)","神经","缅因猫","常染色体隐性遗传；LIX1基因突变导致脊髓运动神经元变性","幼年期(3-4月龄)开始","后肢无力；步态异常；肌肉萎缩；跳跃困难；不痛；感觉功能正常","基因检测LIX1；神经学检查；肌电图","繁育前基因检测剔除携带者","无特效治疗；支持护理；环境调整","中度","基因检测LIX1","缅因猫特有；非致死但影响运动"
"髋关节发育不良(猫)","Feline Hip Dysplasia","骨骼","缅因猫；波斯猫；布偶猫","多基因遗传；髋臼与股骨头发育不匹配","幼年期开始显现","跛行；后肢无力；不愿意跳跃；兔子跳步态","X光评估(OFA评分)；触诊","控制体重；避免过度运动；选择髋关节正常的种猫","关节保健品；NSAIDs；控制体重；严重者手术","中度","种猫X光筛查；定期骨科检查","大型猫品种多发"
"进行性视网膜萎缩(猫-rdAc)","Progressive Retinal Atrophy (rdAc)","眼科","阿比西尼亚猫；索马里猫；奥西猫；暹罗猫；东方短毛猫；孟加拉豹猫","常染色体隐性遗传；CEP290基因突变(rdAc)","3-5岁开始","夜盲首发；瞳孔异常放大；眼底反射增强；撞物；3-5年内完全失明","眼底镜检查；视网膜电图(ERG)；基因检测CEP290","基因检测剔除携带者；避免携带者交配","无治愈手段；环境适应(家具固定、夜间灯)；抗氧化补充","中度","基因检测；定期眼科检查(ERG)","阿比西尼亚猫高发；早期夜盲为主"
"进行性视网膜萎缩(PRA-b)","Progressive Retinal Atrophy (PRA-b)","眼科","孟加拉豹猫","常染色体隐性遗传；Bengal PRA-b基因突变","幼年期(数月龄)开始","早期夜盲；瞳孔散大；视力渐进性丧失；3-5岁完全失明","眼底镜；ERG；基因检测PRA-b","基因检测剔除携带者","无治愈手段；环境适应","中度","基因检测PRA-b；年度眼科检查","孟加拉豹猫特有突变"
"肾淀粉样变性","Renal Amyloidosis","肾脏","阿比西尼亚猫；暹罗猫；东方短毛猫","遗传性倾向；异常淀粉样蛋白沉积于肾脏；机制尚不完全明确","1-5岁","多饮多尿；体重减轻；食欲差；呕吐；嗜睡；被毛粗乱；渐进性肾衰","血液生化(肌酐、SDMA)；肾活检；组织病理学","选择健康血统；避免近亲繁殖","支持性治疗；肾脏处方粮；补液；磷结合剂；降压","重度","定期肾功能监测(SDMA)；血统调查","阿比西尼亚猫高发；预后较差"
"丙酮酸激酶缺乏症(猫)","Pyruvate Kinase Deficiency (PK Def)","血液","阿比西尼亚猫；索马里猫；孟加拉豹猫；缅因猫；挪威森林猫；西伯利亚猫；埃及猫；新加坡猫","常染色体隐性遗传；PKLR基因突变；红细胞能量代谢缺陷导致溶血","数月龄-5岁","嗜睡；虚弱；运动不耐受；黏膜苍白；黄疸；肝脾肿大；间歇性溶血发作","CBC；网织红细胞计数；PK酶活性测定；基因检测PKLR","基因检测剔除携带者；避免携带者交配","支持治疗；输血(严重贫血)；脾切除；铁剂/叶酸","中度","基因检测PKLR；定期CBC监测","阿比西尼亚猫携带率高；间歇性发病"
"牙周病/颌骨狭窄相关","Periodontal Disease (narrow jaw)","消化","东方短毛猫；暹罗猫","颌骨结构遗传性狭窄；牙齿拥挤易形成牙周袋","幼年期开始","牙龈炎；口臭；牙结石；牙齿松动；进食困难；流口水","口腔检查；牙齿X光","定期刷牙；洁牙；选择颌骨较宽个体","定期专业洁牙；拔除严重患牙；抗生素控制感染","轻度","年度口腔检查；日常刷牙","瘦长脸型品种普遍倾向"
"Manx综合征","Manx Syndrome","神经","曼岛猫","常染色体显性遗传；M基因突变导致尾椎及脊髓末端发育异常；纯合子致死","出生即表现","无尾或短尾；兔跳步态；后肢无力；跳跃困难；排尿排便控制障碍；尾部感觉减退","X光评估脊柱；MRI评估脊髓；神经学检查","避免无尾猫之间交配；选择有部分尾巴的个体繁育","支持性护理；环境调整；排泄辅助；镇痛","重度","种猫X光筛查脊柱；避免极端无尾繁育","纯合子胎儿期致死；只有杂合子能存活出生"
"难产/骨盆狭窄","Dystocia due to narrow pelvis","其他","新加坡猫","遗传性骨盆狭窄；体型小","成年繁殖期","难产；产程延长；需剖腹产","骨盆X光测量；繁殖史","选择骨盆正常的母猫；预备剖腹产","剖腹产","中度","繁殖前骨盆X光评估","体型最小猫种；建议剖腹产备产"
"色素性荨麻疹/皮肤脂溢","Urticaria Pigmentosa / Seborrhea","皮肤","斯芬克斯无毛猫","HR基因隐性突变导致无毛；皮肤结构异常易患炎症","幼年期开始","皮肤红斑；瘙痒性丘疹；皮肤油腻；黑头粉刺；继发感染","皮肤活检；细胞学检查","定期洗澡(每周1-2次)；保湿；防晒","药浴；抗菌药物；激素药膏；必需脂肪酸补充","轻度","定期皮肤检查；日常清洁","无毛基因副作用；需终身皮肤管理"
"肝醣储积症IV型","Glycogen Storage Disease Type IV (GSD IV)","代谢","挪威森林猫","常染色体隐性遗传；GBE1基因突变导致糖原分支酶缺乏","出生后即发病；多数5月龄前死亡或安乐死","出生后生长停滞；肌肉无力；震颤；发热；心脏受累；多在幼年期死亡","基因检测GBE1；肝活检糖原分析","基因检测剔除携带者","无特效治疗；支持护理；多数安乐死","致死性","基因检测GBE1；种猫筛查","挪威森林猫特有；致死性疾病"
"软骨发育不全/矮脚","Chondrodysplasia (controversial)","骨骼","曼基康矮脚猫；巴比诺猫","常染色体显性遗传；类似软骨发育不全的基因突变(争议)","出生即表现","短肢；前肢更易畸形；早期关节炎风险","X光评估骨骼；四肢检查","避免短脚猫之间交配(纯合子可能致死)","关节保健品；控制体重；NSAIDs(出现关节炎时)","中度","四肢X光评估；年度关节检查","争议性；部分研究认为短腿本身不显著影响寿命"
"扁脸眼部问题","Brachycephalic Ophthalmic Issues","眼科","波斯猫；异国短毛猫；喜马拉雅猫","面部结构扁平；眼眶浅；眼球突出","出生即存在","眼球突出；角膜暴露；慢性角膜溃疡；眼睑内翻/外翻","眼科检查；荧光素染色","选择面部结构较正常个体；眼药水保护角膜","眼药水；眼睑手术矫正；保护角膜","中度","年度眼科检查；日常眼部护理","与扁脸结构直接相关"
"血管肉瘤","Hemangiosarcoma","其他","金毛寻回犬；德牧；拉布拉多；大丹犬","遗传倾向；血管内皮细胞恶性肿瘤；脾脏/心脏/肝脏高发","中老年(8-13岁)","突然虚弱；腹部膨胀；牙龈苍白；呼吸急促；急性虚脱；内出血","腹部超声；CT/MRI；细针穿刺；血液检查","无明确预防；避免致癌因素","手术切除；化疗(多柔比星)；靶向治疗；支持治疗","致死性","年度腹部超声(老年犬)；心脏超声","金毛最易患；预后差中位生存期数月"
"肘关节发育不良","Elbow Dysplasia","骨骼","金毛寻回犬；拉布拉多；德牧；伯恩山犬；罗威纳","多基因遗传；包含FCP/OCD/UAP三种亚型","4-8月龄开始显现","前肢跛行；步态异常；肘关节肿胀；频繁舔前腿；站立前腿外八","X光(肘关节)；CT；MRI；关节镜","种犬OFA肘部评分；控制幼犬生长速度；合理营养","保守治疗(NSAIDs；关节保健品)；手术矫正(FCP/OCD切除)","中度","种犬OFA肘部评分；幼犬期X光筛查","金毛双重暴击；早期诊断关键"
"甲状腺功能减退(犬)","Hypothyroidism","代谢","金毛寻回犬；杜宾；爱尔兰赛特犬；哈士奇；柴犬；松狮","自身免疫性甲状腺炎；常染色体遗传倾向","中年期(4-10岁)","体重增加；嗜睡；脱毛；皮肤色素沉着；怕冷；行为变化","T4；fT4；TSH；甲状腺自身抗体","种犬甲状腺检测；避免近亲繁殖","甲状腺素替代治疗(左旋甲状腺素)；终身用药","轻度","种犬年度甲状腺功能检测；高发品种定期筛查","可控但需终身用药"
"运动诱导性虚脱","Exercise-Induced Collapse (EIC)","神经","拉布拉多；切萨皮克湾寻回犬；卷毛寻回犬","常染色体隐性遗传；DNM1基因突变；高温剧烈运动诱发","幼年到成年(6月-3岁)","剧烈运动5-15分钟后出现后肢无力；摇摆步态；前肢可正常；休息10-20分钟恢复","基因检测DNM1；运动诱发测试","基因检测剔除携带者；避免剧烈运动及高温","避免诱发因素；多数可自行恢复；严重者降温支持","中度","基因检测DNM1；运动管理","拉布拉多高携带率约30%"
"肥胖倾向(遗传)","Genetic Obesity Predisposition","代谢","拉布拉多；比格犬；巴哥；可卡犬；柯基","多基因遗传；包括POMC基因突变；食欲调节异常","幼年-成年期","过度食欲；体重难以控制；代谢率低","体况评分；体重监测","控制饮食量；增加运动；选择低热量粮","饮食管理；运动处方；饱腹感配方粮食","轻度","定期体重监测；体况评分","拉布拉多约25%携带POMC突变；与食欲相关"
"椎间盘疾病(IVDD)","Intervertebral Disc Disease (IVDD)","骨骼","柯基；腊肠犬；法斗；比格犬；可卡犬；京巴","FGF4基因突变(常染色体显性)；软骨发育不全连锁反应；椎间盘退变","3-7岁高发；1岁内急性发病案例增多","弓背走路；祈祷姿势；后腿无力；突然惨叫；拒绝被抱；严重者瘫痪","神经学检查；脊髓造影；MRI；X光","控制体重；禁止上下楼梯；禁止跳跃；使用胸背带","保守治疗( crate休息；NSAIDs；类固醇)；手术(椎间盘切除)；物理康复","重度","基因检测FGF4；定期神经学检查；体重管理","柯基发病率高达25%；短腿犬种高发"
"退行性脊髓病","Degenerative Myelopathy (DM)","神经","德牧；柯基；金毛；拉布拉多；罗威纳；拳师犬；贵宾；喜乐蒂；苏牧","常染色体隐性遗传；SOD1基因突变；髓鞘变性","8-14岁中老年发病","后肢渐进性无力；拖地行走；步态不稳；无疼痛；最终全身瘫痪","基因检测SOD1；MRI排除其他疾病；神经学检查","基因检测剔除纯合子携带者；适度运动","无治愈手段；支持护理；物理治疗；辅助行走器具；安乐死","致死性","基因检测SOD1；老年期神经学评估","德牧发病率约9.5%；不可逆进展"
"膝关节脱位/髌骨脱位","Patellar Luxation","骨骼","贵宾/泰迪；比熊；博美；约克夏；马尔济斯；吉娃娃；柴犬；阿比西尼亚猫","多基因遗传；小型犬高发；髌骨滑车沟发育不良","幼年到成年(4月-2岁)","间歇性跛行；跳步动作；后腿突然抬起；严重者持续跛行","触诊；X光评估","选择膝关节正常种犬；控制体重","保守治疗(体重管理；关节保健品)；手术矫正(滑车沟成形；胫骨结节移位)","中度","种犬骨科评估；幼犬期触诊","小型犬最常见遗传骨科疾病"
"白内障(犬)","Cataracts","眼科","哈士奇；阿拉斯加；贵宾；比熊；京巴；拉布拉多；金毛","遗传性白内障；常染色体显性/隐性(因品种而异)；幼年期发病","幼年到成年(1-5岁)；品种不同","晶状体混浊；视力下降；撞物；眼球发白","眼科检查；裂隙灯；眼底检查","种犬眼科筛查；CERF/OFA眼检测","手术摘除晶状体；人工晶体植入；眼药水(早期)","中度","种犬CERF年度检查；幼犬眼科筛查","哈士奇幼年白内障高发"
"角膜营养不良","Corneal Dystrophy","眼科","哈士奇；萨摩耶；柯基；比格","遗传性角膜基质变性；常染色体遗传","1-13岁；品种不同","角膜白色/灰色混浊斑块；通常无痛；不影响视力或轻度影响","眼科检查；裂隙灯","种犬眼科筛查","通常无需治疗；影响视力可考虑手术","轻度","种犬年度眼科检查","多为美容问题；不进展者观察即可"
"糖尿病(犬)","Diabetes Mellitus","代谢","萨摩耶；贵宾；腊肠犬；比格犬；京巴；迷你雪纳瑞","多基因遗传倾向；自身免疫破坏胰岛细胞；肥胖加重","中老年(5-12岁)","多饮多尿；多食；体重下降；白内障；嗜睡","血糖；果糖胺；尿糖；糖耐量测试","控制体重；合理饮食；避免高脂食物","胰岛素注射(终身)；处方粮；监测血糖；运动管理","中度","定期血糖及果糖胺监测；体重管理","萨摩耶高发；母犬多发"
"肺动脉狭窄","Pulmonic Stenosis","心脏","萨摩耶；英国斗牛犬；迷你雪纳瑞；西高地白梗","多基因遗传；肺动脉瓣畸形","幼年期开始","运动不耐受；呼吸急促；晕厥；心杂音；右心衰竭","心脏超声(金标准)；心电图；胸部X光","种犬心脏筛查；避免近亲繁殖","药物治疗(β受体阻滞剂)；球囊扩张术；手术矫正","重度","种犬心脏超声筛查；幼犬心杂音听诊","萨摩耶高发先天性心脏病"
"癫痫(犬)","Idiopathic Epilepsy","神经","边牧；比格犬；德牧；金毛；拉布拉多；腊肠犬","多基因遗传；脑电活动异常","1-5岁开始","反复性癫痫发作；意识丧失；抽搐；口吐白沫；大小便失禁","病史；神经学检查；MRI排除其他；脑电图；血液检查","种犬病史调查；避免患病个体繁育","抗癫痫药物(苯巴比妥；溴化钾；左乙拉西坦)；终身用药；发作管理","中度","种犬病史追踪；年度神经学评估","边牧高发；初次发作1-5岁"
"胶原性眼异常","Collie Eye Anomaly (CEA)","眼科","边牧；苏牧；喜乐蒂；澳洲牧羊犬","常染色体隐性遗传；NHEJ1基因突变；眼球发育异常","出生即存在(6-8周可检出)","脉络膜发育不良；视神经乳头异常；视网膜脱离；严重者失明","眼底镜检查(6-8周龄)；基因检测NHEJ1","基因检测剔除携带者；种犬眼科筛查","无特效治疗；视网膜脱离可手术","中度","基因检测NHEJ1；幼犬6-8周眼底检查","牧羊犬类高发；轻者不影响视力"
"特应性皮炎/过敏","Atopic Dermatitis","皮肤","柴犬；金毛；拉布拉多；西高地白梗；沙皮；德牧","多基因遗传倾向；免疫系统异常；皮肤屏障缺陷","1-3岁开始","瘙痒；反复搔抓；皮肤红肿；脱毛；外耳炎；继发感染","病史；过敏原检测；排除诊断","选择无过敏史血统；避免过敏原","避免过敏原；免疫调节剂(环孢素；奥克拉替尼)；皮质激素；抗菌药浴；必需脂肪酸","中度","病史追踪；定期皮肤检查","柴犬发病率高；终身管理"
"青光眼(犬)","Glaucoma","眼科","柴犬；哈士奇；贵宾；米格鲁；美国可卡犬；巴吉度","原发性青光眼遗传倾向；前房角发育异常；房水排出受阻","中老年(4-9岁)；柴犬高发","眼红肿疼痛；眼球突出；角膜混浊；瞳孔散大；视力丧失","眼压测量(10-25mmHg正常)；眼底镜；前房角镜","种犬眼压监测；高发品种定期筛查","降眼压药(拉坦前列素；多佐胺)；手术(激光；引流阀)；眼球摘除(晚期)","重度","高发品种年度眼压测量；眼底检查","柴犬发病率高达30%；眼科急症；视力不可逆丧失"
"短鼻综合征(犬)","Brachycephalic Obstructive Airway Syndrome (BOAS)","呼吸","法斗；英斗；巴哥；京巴；西施；波士顿梗；骑士查理王","多基因遗传；短头颅畸形导致鼻腔狭窄；软腭过长；喉囊外翻","出生即存在；随年龄加重","打鼾；呼吸困难；张口呼吸；运动不耐受；易中暑；睡眠呼吸暂停；发绀","BOAS分级评估；X光；内窥镜","选择头骨较正常个体；控制体重；避免高温环境","手术矫正(软腭切除；鼻孔成形；喉囊切除)；环境管理；体重控制","重度","种犬BOAS分级评估；年度呼吸检查","42个犬种受影响；法斗最严重；炎热天气高风险"
"气管塌陷","Tracheal Collapse","呼吸","博美；约克夏；吉娃娃；马尔济斯；贵宾","多基因遗传；气管软骨环退化；小型犬高发","中老年(6-10岁)","鹅鸣咳嗽；呼吸困难；运动不耐受；兴奋或压迫颈部时加重；发绀","X光(颈部侧位)；气管镜(金标准)","使用胸背带代替项圈；控制体重；避免烟雾","止咳药；糖皮质激素；支气管扩张剂；气管支架(严重者)；手术","中度","X光评估气管；定期呼吸检查","小型犬高发；不可逆；终身管理"
"高脂血症","Hyperlipidemia","代谢","迷你雪纳瑞；雪纳瑞；贵宾；比格犬","常染色体遗传倾向；脂蛋白代谢异常","成年期开始","血清乳糜状；腹痛；胰腺炎风险升高；眼睛脂质沉积","血液生化(空腹甘油三酯；胆固醇)","低脂饮食；控制体重","低脂处方粮；Omega-3脂肪酸；必要时降脂药","轻度","年度空腹血脂检查","迷你雪纳瑞高发；常合并胰腺炎"
"胰腺炎(遗传倾向)","Pancreatitis","消化","迷你雪纳瑞；约克夏；贵宾；可卡犬","遗传倾向；高脂血症相关；免疫介导","成年到中老年","呕吐；腹痛(祈祷姿势)；厌食；腹泻；脱水；严重者休克","血液生化(脂肪酶；淀粉酶)；cPLI；超声","低脂饮食；控制体重；避免高脂食物","输液治疗；止痛；止吐；抗生素(继发感染)；低脂粮","重度","定期血液生化；腹部超声","易复发；慢性可发展为胰腺外分泌不足"
"膀胱结石(遗传倾向)","Urolithiasis / Bladder Stones","泌尿","迷你雪纳瑞；腊肠犬；比格；可卡犬；巴哥","遗传性代谢异常；不同类型结石机制不同","成年期开始","排尿困难；血尿；尿频；腹痛；尿路阻塞(公犬)","尿检；X光；超声；结石分析","充足饮水；处方粮；定期尿检","处方溶石粮；手术取石；导尿；增加饮水","中度","定期尿检及超声；尿pH监测","迷你雪纳瑟高发草酸钙及鸟粪石结石"
"胰腺外分泌不足","Exocrine Pancreatic Insufficiency (EPI)","消化","德牧；粗毛柯利犬；爱尔兰赛特犬","常染色体遗传倾向；胰腺腺泡萎缩；自身免疫机制","青年到中年(1-5岁)","体重下降；多食；贪食；粪便量大且油腻(脂肪泻)；被毛粗糙","TLI(胰蛋白酶样免疫反应)测试；粪便检查","种犬病史追踪；避免患病个体繁育","胰酶替代治疗(终身)；维生素B12注射；低脂易消化粮","中度","TLI检测；定期营养评估","德牧高发；不可逆；需终身酶替代"
"脑积水","Hydrocephalus","神经","吉娃娃；约克夏；马尔济斯；博美；京巴","常染色体遗传倾向；脑脊液循环障碍；小型犬高发","出生或幼年期","头颅异常膨大；眼球下转(落日征)；癫痫；失明；行为异常；行走困难","神经系统检查；MRI/CT；超声(幼犬囟门)","选择无家族史种犬；避免近亲繁殖","药物治疗(乙酰唑胺；皮质激素)；手术引流(脑室腹腔分流)","重度","种犬神经学评估；幼犬头部检查","小型犬高发；严重者预后差"
"动脉导管未闭","Patent Ductus Arteriosus (PDA)","心脏","博美；贵宾；柯基；约克夏；德牧；拉布拉多","多基因遗传；出生后动脉导管未闭合","出生即存在；数月内显现","运动不耐受；呼吸急促；心杂音(连续性机器样)；生长缓慢；心衰","心脏超声(金标准)；心电图；胸部X光","种犬心脏筛查；避免近亲繁殖","手术结扎(开胸)；介入封堵(导管封堵器)","重度","种犬心脏超声；幼犬心杂音听诊","博美高发；及早手术预后较好"
"胃扭转/胃扩张扭转","Gastric Dilatation-Volvulus (GDV)","消化","大丹犬；圣伯纳；德牧；标准贵宾；巴吉度；魏玛犬；藏獒","深胸型犬种遗传倾向；胃韧带松弛","中老年(5-12岁)；大型犬高发","腹部迅速膨胀；干呕无法呕吐；流涎；焦躁；祈祷姿势；休克","X光(胃扩张及气体)；临床体征","少量多餐(每日2-3次)；食后禁止运动；预防性胃固定术","紧急手术(胃复位+胃固定术)；胃切除(坏死)；休克治疗","致死性","预防性胃固定术(高风险犬种)；X光评估","大丹犬发病率高达40%；急诊不及时死亡率高"
"扩张型心肌病(犬)","Dilated Cardiomyopathy (DCM)","心脏","杜宾；大丹犬；拳师犬；可卡犬；爱尔兰猎狼犬；纽芬兰","遗传性；杜宾PDK4及TTN基因突变；其他品种多基因","中年到老年(4-10岁)；杜宾高发","早期无症状；运动不耐受；咳嗽；呼吸急促；虚弱；腹水；突然死亡(心律失常)","心脏超声(金标准)；心电图；Holter监测；NT-proBNP","基因检测(杜宾)；种犬心脏筛查；均衡营养","ACE抑制剂；β受体阻滞剂；抗心律失常药；利尿剂；心脏处方粮","重度","种犬年度心脏超声及Holter；基因检测PDK4/TTN","杜宾约50%死于DCM；可猝死"
"血管性血友病","Von Willebrand Disease (vWD)","血液","杜宾；标准贵宾；德牧；金毛；腊肠犬；喜乐蒂；柯基；伯恩山","vWD I型常染色体显性(杜宾等)；vWD III型常染色体隐性(苏格兰梗等)","出生即存在；手术后或外伤后显现","黏膜出血(鼻衄；牙龈出血)；术后出血不止；胃肠道出血；血尿；母犬发情期出血多","vWF抗原定量；基因检测；出血时间测试","基因检测剔除患病个体；术前筛查","输血；冷沉淀；vWF浓缩剂；避免创伤及某些药物(阿司匹林)","中度","基因检测vWF；术前凝血筛查","杜宾I型高发约70%携带；多数可正常生活"
"骨肉瘤","Osteosarcoma","骨骼","罗威纳；大丹犬；圣伯纳；金毛；爱尔兰猎狼犬；杜宾","遗传倾向；大型犬高发；长骨近端或远端","中老年(7-10岁)；大型犬较早","肢体肿胀；持续性跛行；疼痛；病理性骨折","X光；CT；活检；胸部X光(转移评估)","无明确预防；避免辐射","截肢；化疗(卡铂；多柔比星)；放疗；疼痛管理","致死性","高发品种定期骨科检查；老年X光筛查","大型犬最常见骨恶性肿瘤；易肺转移"
"二尖瓣疾病","Mitral Valve Disease (MVD)","心脏","骑士查理王小猎犬；腊肠犬；贵宾；可卡犬","多基因遗传；二尖瓣黏液样变性；骑士查理王几乎100%发病","骑士查理王5岁开始；其他品种中老年","心杂音(收缩期)；咳嗽；运动不耐受；呼吸急促；心衰症状","心脏听诊；心脏超声(金标准)；胸部X光；NT-proBNP","种犬心脏超声；延迟繁育年龄(骑士查理王2.5岁后)","ACE抑制剂；匹莫苯；呋塞米；心脏处方粮；定期监测","重度","种犬年度心脏听诊及超声；高发品种2岁起筛查","骑士查理王约10岁前100%发病；早期筛查关键"
"眼睑内翻","Entropion","眼科","松狮；京巴；沙皮；拉布拉多；金毛；罗威纳","遗传性眼睑结构异常；睑缘向内翻转","幼年(6-12月龄)开始","眼睑内翻；睫毛刺激角膜；流泪；角膜溃疡；眯眼；频繁眨眼","眼科检查；荧光素染色","选择无眼睑异常种犬","手术矫正(眼睑成形术)；暂时性缝合(幼犬)；眼药水保护角膜","中度","种犬眼科检查；幼犬眼部评估","沙皮及松狮高发；幼犬可暂时缝合观察"
"眼睑外翻","Ectropion","眼科","巴吉度；可卡犬；圣伯纳；寻血猎犬","遗传性眼睑结构异常；睑缘向外翻转","幼年(6-12月龄)开始","眼睑外翻；暴露性结膜炎；慢性流泪；结膜充血","眼科检查","选择无眼睑异常种犬","眼药水润滑；手术矫正(严重者)","轻度","种犬眼科检查","松弛型品种倾向；轻度可观察"
"折叠性皮炎","Skin Fold Dermatitis","皮肤","沙皮；巴哥；法斗；英斗；京巴；可卡犬","面部/体表褶皱过多导致皮肤浸渍；继发细菌/真菌感染","幼年即可出现","褶皱部位红肿；瘙痒；恶臭；渗出；继发感染","皮肤检查；细胞学；培养","保持褶皱清洁干燥；定期清洁","抗菌药浴；局部抗菌药膏；严重者手术切除多余皮肤","轻度","定期皮肤检查；日常褶皱清洁","沙皮最严重；需终身管理"
"淀粉样变性(犬)","Familial Shar-Pei Fever / Amyloidosis","代谢","沙皮","常染色体隐性遗传；HY1基因突变；周期性发热最终发展为肾淀粉样变性","幼年开始发热；中老年出现肾衰","反复发热(周期性)；关节肿胀；腹痛；最终多饮多尿；肾衰症状","病史；血液生化；肾活检；基因检测","基因检测；选择无家族史个体","秋水仙碱(预防发作)；肾衰管理；支持治疗","重度","基因检测；定期肾功能监测(SDMA)","沙皮特有；可发展为致死性肾衰"
"甲状腺功能减退(自身免疫)","Autoimmune Thyroiditis","代谢","秋田犬；柴犬；哈士奇；金毛；杜宾；松狮","自身免疫性甲状腺炎；遗传倾向；产生抗甲状腺抗体","中年期(3-6岁)","嗜睡；体重增加；脱毛；皮肤问题；怕冷；行为改变； aggression(秋田)","T4；fT4；TSH；TgAA(自身抗体)","种犬甲状腺检测；避免近亲繁殖","左旋甲状腺素替代(终身)；定期监测","轻度","种犬年度甲状腺功能检测","秋田犬自身免疫倾向高发"
"分离焦虑/心理过度依赖","Separation Anxiety","其他","暹罗猫；东方短毛猫；斯芬克斯无毛猫","品种遗传性高社交需求；环境因素共同作用","幼年期开始","独处时过度叫声；破坏行为；过度舔毛；抑郁；食欲下降","病史；行为评估","充足陪伴；环境丰富化；逐步脱敏","行为训练；环境丰富化；信息素；严重者抗焦虑药","轻度","行为评估；早期社会化训练","暹罗猫等高社交品种高发"
"斜视","Strabismus","眼科","暹罗猫；东方短毛猫","遗传性；部分白化基因影响视神经交叉","出生或幼年期","双眼内斜或外斜；影响立体视觉；通常不严重影响生活质量","眼科检查；视觉评估","避免患病个体繁育","通常无需治疗；影响视力可手术矫正","轻度","种猫眼科检查","暹罗猫常见；与重点色基因相关"
"哮喘(猫)","Feline Asthma","呼吸","暹罗猫；东方短毛猫","遗传倾向；过敏原诱发气道炎症","幼年到成年(1-3岁)","咳嗽；喘息；呼吸困难；张口呼吸；运动不耐受","X光；支气管灌洗；排除其他疾病","避免过敏原；空气过滤器；不吸烟环境","糖皮质激素(吸入或口服)；支气管扩张剂；环境管理","中度","定期肺功能评估；环境控制","暹罗猫高发；终身管理"
"肿瘤易感性(金毛)","Cancer Predisposition","其他","金毛寻回犬；伯恩山犬；罗威纳","遗传性肿瘤易感；约60%金毛死于癌症","中老年(8岁以上)","取决于肿瘤类型；常见血管肉瘤、淋巴瘤、骨肉瘤","体检；血液检查；超声；活检","无明确预防；定期筛查","手术；化疗；放疗；靶向治疗；支持治疗","致死性","年度全面体检；老年期超声筛查","金毛约60%死于癌症；原因复杂"
"皮肤病(松狮)","Skin Problems","皮肤","松狮；秋田犬；沙皮","双层被毛结构遗传倾向；免疫相关皮肤病","幼年到成年","过敏性皮炎； hot spot；脓皮症；皮脂腺炎","皮肤检查；过敏原检测；活检","日常被毛护理；避免过敏原","药浴；抗菌药物；激素；免疫调节剂","中度","定期皮肤检查；被毛护理","双层毛犬种高发"
"耳部感染(遗传倾向)","Otitis Externa","皮肤","可卡犬；拉布拉多；金毛；巴吉度；沙皮","耳道结构遗传倾向；垂耳及狭窄耳道易积湿","幼年到成年","频繁挠耳；摇头；耳臭；耳道红肿；黑色分泌物","耳镜检查；细胞学；培养","定期清洁耳道；保持干燥","耳道清洁液；抗菌/抗真菌耳药；严重者手术(耳道切除)","轻度","定期耳部检查及清洁","可卡犬因垂耳及耳道结构高发"
"皮肤病/过敏(秋田)","Sebaceous Adenitis","皮肤","秋田犬；标准贵宾；萨摩耶","遗传倾向；免疫介导皮脂腺炎症","青年到中年(1-5岁)","脱毛；被毛质地改变；皮肤脱屑；继发感染；体味改变","皮肤活检(金标准)；细胞学","选择无病史血统；日常护理","药浴；必需脂肪酸；免疫抑制剂；抗菌药物","中度","种犬皮肤活检；定期皮肤检查","秋田犬高发；影响外观及生活质量"
"血管肉瘤(脾)","Splenic Hemangiosarcoma","其他","德牧；金毛；拉布拉多；大丹犬； pointer","遗传倾向；脾脏血管恶性肿瘤","中老年(8-13岁)","突然虚弱；腹部膨胀；牙龈苍白；急性虚脱(内出血)","腹部超声；CT；细针穿刺；血液检查","老年期定期腹部超声","脾切除；化疗(多柔比星)；支持治疗","致死性","老年期腹部超声筛查","中位生存期数月；易急性破裂出血"
"肾病(西伯利亚猫)","Feline Lower Urinary Tract Disease","肾脏","西伯利亚猫；波斯猫；异国短毛猫","遗传倾向；FIC/泌尿道综合征","成年期开始","排尿困难；血尿；频尿；尿路阻塞(公猫)","尿检；超声；尿液培养","充足饮水；处方粮；环境减压","处方粮；止痛；导尿(阻塞时)；环境管理","中度","定期尿检；超声波检查","波斯系猫高发；公猫更易阻塞"
"皮脂腺炎","Sebaceous Adenitis","皮肤","标准贵宾；秋田犬；萨摩耶；哈士奇","遗传性免疫介导；皮脂腺破坏","青年到中年(1-7岁)","脱毛；被毛质地改变(银色)；鳞屑；体味变化；继发感染","皮肤活检(金标准)；组织病理学","选择无病史血统","药浴(丙二醇；抗菌)；必需脂肪酸；免疫调节剂","中度","种犬皮肤活检；定期皮肤评估","标准贵宾高发；影响外观"
"MRD1基因突变","MDR1 Gene Mutation (Drug Sensitivity)","其他","边牧；澳洲牧羊犬；苏牧；喜乐蒂；长毛惠比特；白色瑞士牧羊犬","常染色体隐性遗传；MDR1基因突变；P-糖蛋白功能缺陷导致药物无法通过血脑屏障","出生即存在","伊维菌素等药物中毒；神经症状(流涎；共济失调；昏迷；死亡)","基因检测MDR1","基因检测；避免特定药物","支持治疗(中毒时)；停用敏感药物","致死性","基因检测MDR1；用药前筛查","敏感药物包括伊维菌素；洛哌丁胺；多柔比星等"
"听力损失/耳聋","Hereditary Deafness","其他","白猫(蓝眼)；达尔马提亚犬；澳洲牧牛犬；英国斗牛犬","常染色体遗传；与白色被毛基因(W基因)相关；耳蜗血管纹退化","出生即存在","单侧或双侧耳聋；对声音无反应","BAER(脑干听觉诱发电位)测试","避免蓝眼白猫交配；种犬BAER测试","无特效治疗；环境适应；手势训练","轻度","种猫/犬BAER测试；幼年听力评估","白猫蓝眼约65%耳聋；达尔马提亚约30%单侧耳聋"
"髋关节发育不良(犬)","Canine Hip Dysplasia","骨骼","金毛；拉布拉多；德牧；罗威纳；大丹犬；圣伯纳；藏獒；柯基","多基因遗传；髋臼与股骨头发育不匹配；遗传力0.2-0.6","4-12月龄开始显现","兔子跳步态；起床僵硬；拒绝跳跃爬楼；后腿发抖；青蛙趴休息","X光评估(OFA或PennHIP)；触诊","种犬OFA/PennHIP评分；控制幼犬生长速度；合理营养","体重管理；NSAIDs；关节保健品；严重者全髋置换手术","重度","种犬OFA/PennHIP评估；幼犬4月龄X光筛查","金毛发病率约58%；藏獒/大型犬高发"
"雪纳瑞综合征/高脂血症胰腺炎","Schnauzer Bloat Syndrome","代谢","迷你雪纳瑞","遗传性高脂血症引发胰腺炎；脂蛋白代谢异常","中老年期","呕吐；腹痛；厌食；高脂血症；糖尿病风险升高","血液生化；脂肪酶；甘油三酯；腹部超声","低脂饮食；控制体重","低脂处方粮；胰腺炎治疗；降脂药","中度","定期空腹血脂检查；腹部超声","迷你雪纳瑞特有综合征"
"肥胖相关基因突变","POMC Gene Mutation","代谢","拉布拉多；比格犬；可卡犬","POMC基因突变；β-MSH/β-内啡肽缺乏；食欲调节异常","幼年-成年期","过度食欲；肥胖；难以满足的饥饿感","基因检测POMC；体况评估","基因检测；严格饮食控制；增加饱腹感粮食","饮食管理；运动处方；低热量粮","轻度","基因检测POMC；定期体重监测","拉布拉多约25%携带；解释食欲异常原因"
"眼睑异常(京巴)","Eyelid Abnormalities","眼科","京巴；西施；巴哥；柴犬","遗传性眼睑结构异常；常合并内翻外翻","幼年期(6-12月龄)","眼睑内/外翻；流泪；角膜刺激；角膜溃疡","眼科检查；荧光素染色","选择无眼睑异常种犬","手术矫正；眼药水保护角膜","中度","种犬眼科检查；幼犬眼部评估","短头犬种高发；常双眼发病"
"短鼻眼部并发症","Brachycephalic Ocular Complications","眼科","法斗；巴哥；京巴；西施；英斗","短头颅结构导致眼球突出；眼睑闭合不全","出生即存在","眼球突出；暴露性角膜炎；角膜溃疡；眼睑内翻","眼科检查；荧光素染色","选择面部结构较正常个体；眼药水保护","眼药水润滑；手术矫正；保护角膜","中度","年度眼科检查；日常眼部护理","短头犬种高发；可导致角膜穿孔"
"心脏瓣膜病(可卡)","Mitral Valve Disease in Cockers","心脏","可卡犬；骑士查理王小猎犬","多基因遗传；二尖瓣黏液样变性","中老年(6-10岁)","心杂音；咳嗽；运动不耐受；呼吸急促；心衰","心脏听诊；心脏超声；胸部X光","种犬心脏筛查","ACE抑制剂；匹莫苯；利尿剂；心脏处方粮","重度","种犬年度心脏超声；中老年期定期听诊","可卡犬高发DCM及MVD"
"胸椎脊椎病(老犬)","Spondylosis of Older Dogs","骨骼","德牧； Boxers；大丹犬；爱尔兰赛特犬","遗传倾向；椎体边缘骨赘形成","老年(8岁以上)","背部僵硬；步态改变；通常无痛；偶发神经症状","X光；MRI(神经症状时)","控制体重；适度运动；关节保健品","NSAIDs；物理治疗；严重者手术","轻度","老年期X光筛查","多数无症状；偶然发现"
"白内障(哈士奇遗传性)","Hereditary Cataracts in Huskies","眼科","哈士奇；萨摩耶；阿拉斯加","常染色体隐性遗传(哈士奇)；幼年期发病","幼年(6月-2岁)","晶状体进行性混浊；视力下降；双眼发病","眼科检查；裂隙灯；CERF登记","种犬CERF年度检查；基因检测","手术摘除晶状体；人工晶体植入","中度","种犬CERF年度检查；幼犬眼科筛查","哈士奇幼年白内障高发；进展性"
"博美PDA/动脉导管未闭","Patent Ductus Arteriosus in Pomeranians","心脏","博美；贵宾；马尔济斯；约克夏","多基因遗传；出生后动脉导管未闭合","出生即存在；数月内显现","心杂音(连续性机器样)；运动不耐受；呼吸急促；生长缓慢；心衰","心脏超声；心电图；胸部X光","种犬心脏筛查","手术结扎；介入封堵(导管封堵器)","重度","种犬心脏超声；幼犬心杂音听诊","博美高发；及早治疗预后好"
